user_id,username,created_at
1,james49,2023-01-01 00:00:00
2,linbrian,2023-01-01 00:00:00
3,rwright,2023-01-01 00:00:00
4,carriemontoya,2023-01-01 00:00:00
5,henry92,2023-01-01 00:00:00
6,troyblackburn,2023-01-02 00:00:00
7,rojasdawn,2023-01-02 00:00:00
8,alexis09,2023-01-02 00:00:00
9,uharris,2023-01-02 00:00:00
10,eric67,2023-01-02 00:00:00
11,ethomas,2023-01-03 00:00:00
12,joseph90,2023-01-03 00:00:00
13,toddscott,2023-01-03 00:00:00
14,kellyeric,2023-01-03 00:00:00
15,vkennedy,2023-01-03 00:00:00
16,hernandezkenneth,2023-01-04 00:00:00
17,pagetimothy,2023-01-04 00:00:00
18,burnswilliam,2023-01-04 00:00:00
19,tiffany42,2023-01-04 00:00:00
20,beverlysmith,2023-01-04 00:00:00
21,fosterjeffrey,2023-01-05 00:00:00
22,hhayes,2023-01-05 00:00:00
23,tcortez,2023-01-05 00:00:00
24,steven79,2023-01-05 00:00:00
25,qsheppard,2023-01-05 00:00:00
26,russellshannon,2023-01-06 00:00:00
27,vwilliams,2023-01-06 00:00:00
28,dustinwalsh,2023-01-06 00:00:00
29,hhill,2023-01-06 00:00:00
30,alexandra76,2023-01-06 00:00:00
31,vramirez,2023-01-07 00:00:00
32,aguirrekevin,2023-01-07 00:00:00
33,gary04,2023-01-07 00:00:00
34,julielozano,2023-01-07 00:00:00
35,mitchellholly,2023-01-07 00:00:00
36,ryanturner,2023-01-08 00:00:00
37,max62,2023-01-08 00:00:00
38,adam72,2023-01-08 00:00:00
39,ashleyhernandez,2023-01-08 00:00:00
40,christopher38,2023-01-08 00:00:00
41,wfoster,2023-01-09 00:00:00
42,sbeck,2023-01-09 00:00:00
43,bensonchristopher,2023-01-09 00:00:00
44,joanndean,2023-01-09 00:00:00
45,patrickzimmerman,2023-01-09 00:00:00
46,mwallace,2023-01-10 00:00:00
47,robertjohnson,2023-01-10 00:00:00
48,john89,2023-01-10 00:00:00
49,sarahadams,2023-01-10 00:00:00
50,amaldonado,2023-01-10 00:00:00
51,theresa70,2023-01-11 00:00:00
52,taylor25,2023-01-11 00:00:00
53,crystalwalker,2023-01-11 00:00:00
54,jthompson,2023-01-11 00:00:00
55,lopezjeffrey,2023-01-11 00:00:00
56,tschwartz,2023-01-12 00:00:00
57,powellclaudia,2023-01-12 00:00:00
58,donrodgers,2023-01-12 00:00:00
59,tina69,2023-01-12 00:00:00
60,amber10,2023-01-12 00:00:00
61,morrowelizabeth,2023-01-13 00:00:00
62,brookehahn,2023-01-13 00:00:00
63,rothbrian,2023-01-13 00:00:00
64,hburke,2023-01-13 00:00:00
65,sullivanbryan,2023-01-13 00:00:00
66,xkrueger,2023-01-14 00:00:00
67,sancheznathan,2023-01-14 00:00:00
68,larabrian,2023-01-14 00:00:00
69,meredithcantrell,2023-01-14 00:00:00
70,belindalynch,2023-01-14 00:00:00
71,michael94,2023-01-15 00:00:00
72,corey42,2023-01-15 00:00:00
73,fevans,2023-01-15 00:00:00
74,pittseric,2023-01-15 00:00:00
75,waltersrose,2023-01-15 00:00:00
76,bpugh,2023-01-16 00:00:00
77,matthewhaney,2023-01-16 00:00:00
78,adam99,2023-01-16 00:00:00
79,biancacooper,2023-01-16 00:00:00
80,richardarmstrong,2023-01-16 00:00:00
81,jonesveronica,2023-01-17 00:00:00
82,jenniferjimenez,2023-01-17 00:00:00
83,leejonathan,2023-01-17 00:00:00
84,jasonmorgan,2023-01-17 00:00:00
85,sean51,2023-01-17 00:00:00
86,edward68,2023-01-18 00:00:00
87,athomas,2023-01-18 00:00:00
88,jesse91,2023-01-18 00:00:00
89,emaxwell,2023-01-18 00:00:00
90,sarahhall,2023-01-18 00:00:00
91,jacqueline64,2023-01-19 00:00:00
92,acostakimberly,2023-01-19 00:00:00
93,taylorcindy,2023-01-19 00:00:00
94,youngmonica,2023-01-19 00:00:00
95,sheila85,2023-01-19 00:00:00
96,jose04,2023-01-20 00:00:00
97,taylormichael,2023-01-20 00:00:00
98,lindsey36,2023-01-20 00:00:00
99,brian83,2023-01-20 00:00:00
100,jameshoffman,2023-01-20 00:00:00
101,dawn73,2023-01-21 00:00:00
102,jbarber,2023-01-21 00:00:00
103,boydheather,2023-01-21 00:00:00
104,jacksonrichard,2023-01-21 00:00:00
105,lindsey17,2023-01-21 00:00:00
106,whitetraci,2023-01-22 00:00:00
107,tyleradams,2023-01-22 00:00:00
108,richjessica,2023-01-22 00:00:00
109,jacob85,2023-01-22 00:00:00
110,rmoreno,2023-01-22 00:00:00
111,joseph76,2023-01-23 00:00:00
112,daisycampbell,2023-01-23 00:00:00
113,stephanie45,2023-01-23 00:00:00
114,alyssa61,2023-01-23 00:00:00
115,emilyhernandez,2023-01-23 00:00:00
116,michael68,2023-01-24 00:00:00
117,joshuamack,2023-01-24 00:00:00
118,mark31,2023-01-24 00:00:00
119,morganwong,2023-01-24 00:00:00
120,garciakelsey,2023-01-24 00:00:00
121,middletoncory,2023-01-25 00:00:00
122,patriciabrown,2023-01-25 00:00:00
123,ambercrane,2023-01-25 00:00:00
124,wallacejonathan,2023-01-25 00:00:00
125,gallaghermichelle,2023-01-25 00:00:00
126,bhansen,2023-01-26 00:00:00
127,dickersongeorge,2023-01-26 00:00:00
128,tmay,2023-01-26 00:00:00
129,shanejackson,2023-01-26 00:00:00
130,victoriawhite,2023-01-26 00:00:00
131,veronicamartin,2023-01-27 00:00:00
132,ojensen,2023-01-27 00:00:00
133,saundersjason,2023-01-27 00:00:00
134,sosanatalie,2023-01-27 00:00:00
135,torresjonathan,2023-01-27 00:00:00
136,jessica59,2023-01-28 00:00:00
137,houstonpatrick,2023-01-28 00:00:00
138,laceyjenkins,2023-01-28 00:00:00
139,jenny28,2023-01-28 00:00:00
140,kristenwells,2023-01-28 00:00:00
141,thomas54,2023-01-29 00:00:00
142,jimmybrooks,2023-01-29 00:00:00
143,xmiller,2023-01-29 00:00:00
144,stevenstammy,2023-01-29 00:00:00
145,diana01,2023-01-29 00:00:00
146,pevans,2023-01-30 00:00:00
147,jordanchristopher,2023-01-30 00:00:00
148,lindsey17,2023-01-30 00:00:00
149,brett32,2023-01-30 00:00:00
150,deborah91,2023-01-30 00:00:00
151,anthonytodd,2023-01-31 00:00:00
152,cameronfrench,2023-01-31 00:00:00
153,rklein,2023-01-31 00:00:00
154,xrichards,2023-01-31 00:00:00
155,carlsonbrittany,2023-01-31 00:00:00
